{
  "students": [
    {
      "id": 1,
      "name": "student 1",
      "email": "student1@gmail.com"
    },
    {
      "name": "student 2",
      "email": "student2@gmail.com",
      "id": 2
    },
    {
      "id": 3,
      "name": "student 3",
      "email": "student3@gmail.com"
    },
    {
      "name": "student 44",
      "email": "student44@gmail.com",
      "id": 4
    },
    {
      "id": 5,
      "name": "student 5",
      "email": "student5@gmail.com"
    },
    {
      "id": 6,
      "name": "student 6",
      "email": "student6@gmail.com"
    },
    {
      "name": "student 2",
      "email": "student2@gmail.com",
      "id": 7
    }
  ],
  "comments": [
    {
      "id": 1,
      "body": "some comment",
      "postId": 1
    }
  ],
  "profile": {
    "name": "typicode"
  }
}